,Year,Quarter,Survey,Species,IndexArea,ID,Age_0,Age_1,Age_2,Age_3,Age_4,Age_5,Age_6,DateofCalculation
1,1967,1,NS-IBTS,Merlangius merlangus,NS_Whit,new,NA,468.627,114.779,27.836,9.037,1.04,1.745,20200204
2,1968,1,NS-IBTS,Merlangius merlangus,NS_Whit,new,NA,1420.7,99.442,27.435,5.958,0.868,0.385,20200204
3,1969,1,NS-IBTS,Merlangius merlangus,NS_Whit,new,NA,598.215,425.227,21.725,7.953,0.824,0.088,20200204
4,1970,1,NS-IBTS,Merlangius merlangus,NS_Whit,new,NA,63.419,148.016,33.573,6.014,0.615,0.356,20200204
5,1971,1,NS-IBTS,Merlangius merlangus,NS_Whit,new,NA,212.319,18.732,6.529,18.032,3.847,0.454,20200204
6,1972,1,NS-IBTS,Merlangius merlangus,NS_Whit,new,NA,305.03,133.202,30.321,9.765,4.398,0.231,20200204
7,1973,1,NS-IBTS,Merlangius merlangus,NS_Whit,new,NA,1179.82,656.64,99.06,38.716,10.005,6.867,20200204
8,1974,1,NS-IBTS,Merlangius merlangus,NS_Whit,new,NA,332.979,451.323,92.52,12.423,3.734,6.136,20200204
9,1975,1,NS-IBTS,Merlangius merlangus,NS_Whit,new,NA,884.652,164.095,85.104,16.792,13.178,2.279,20200204
10,1976,1,NS-IBTS,Merlangius merlangus,NS_Whit,new,NA,636.526,285.308,145.523,32.996,6.996,3.482,20200204
11,1977,1,NS-IBTS,Merlangius merlangus,NS_Whit,new,NA,392.585,208.261,55.52,13.284,12.76,18.857,20200204
12,1978,1,NS-IBTS,Merlangius merlangus,NS_Whit,new,NA,525.659,252.024,88.305,23.508,7.357,8.655,20200204
13,1979,1,NS-IBTS,Merlangius merlangus,NS_Whit,new,NA,425.33,220.1,108.534,33.384,4.934,4.017,20200204
14,1980,1,NS-IBTS,Merlangius merlangus,NS_Whit,new,NA,636.056,367.288,114.043,31.362,10.302,5.016,20200204
15,1981,1,NS-IBTS,Merlangius merlangus,NS_Whit,new,NA,220.17,453.201,218.059,44.815,10.76,10.544,20200204
16,1982,1,NS-IBTS,Merlangius merlangus,NS_Whit,new,NA,145.593,234.78,277.945,70.073,11.531,9.266,20200204
17,1983,1,NS-IBTS,Merlangius merlangus,NS_Whit,new,NA,126.549,121.133,107.829,76.46,33.72,9.188,20200204
18,1984,1,NS-IBTS,Merlangius merlangus,NS_Whit,new,NA,426.468,164.515,80.452,27.577,26.689,15.708,20200204
19,1985,1,NS-IBTS,Merlangius merlangus,NS_Whit,new,NA,324.33,344.876,61.723,17.135,7.918,8.535,20200204
20,1986,1,NS-IBTS,Merlangius merlangus,NS_Whit,new,NA,451.121,282.622,212.691,34.893,9.336,9.489,20200204
21,1987,1,NS-IBTS,Merlangius merlangus,NS_Whit,new,NA,668.045,539.459,86.43,42.762,6.05,5.689,20200204
22,1988,1,NS-IBTS,Merlangius merlangus,NS_Whit,new,NA,432.893,831.206,299.829,30.789,17.277,2.59,20200204
23,1989,1,NS-IBTS,Merlangius merlangus,NS_Whit,new,NA,1424.601,520.539,394.558,103.283,17.233,9.173,20200204
24,1990,1,NS-IBTS,Merlangius merlangus,NS_Whit,new,NA,514.032,839.702,199.176,98.824,20.15,10.795,20200204
25,1991,1,NS-IBTS,Merlangius merlangus,NS_Whit,new,NA,934.091,759.303,366.001,73.533,33.577,27.126,20200204
26,1991,3,NS-IBTS,Merlangius merlangus,NS_Whit,new,506.471,677.605,147.793,85.825,29.712,16.896,3.666,20200204
27,1992,1,NS-IBTS,Merlangius merlangus,NS_Whit,new,NA,998.379,450.052,242.259,74.805,57.283,126.762,20200204
28,1992,3,NS-IBTS,Merlangius merlangus,NS_Whit,new,1323.2,546.796,250.398,70.898,53.912,31.646,34.922,20200204
29,1993,1,NS-IBTS,Merlangius merlangus,NS_Whit,new,NA,1061.35,550.717,192.819,87.99,39.214,80.709,20200204
30,1993,3,NS-IBTS,Merlangius merlangus,NS_Whit,new,878.052,624.716,180.315,42.6,24.601,16.896,6.711,20200204
31,1994,1,NS-IBTS,Merlangius merlangus,NS_Whit,new,NA,731.727,571.069,192.189,67.739,13.526,20.96,20200204
32,1994,3,NS-IBTS,Merlangius merlangus,NS_Whit,new,568.695,693.215,235.842,49.403,18.647,10.6,6.921,20200204
33,1995,1,NS-IBTS,Merlangius merlangus,NS_Whit,new,NA,656.328,470.895,203.978,64.262,13.502,18.984,20200204
34,1995,3,NS-IBTS,Merlangius merlangus,NS_Whit,new,703.507,625.155,273.024,71.184,20.924,8.995,11.501,20200204
35,1996,1,NS-IBTS,Merlangius merlangus,NS_Whit,new,NA,479.569,468.61,217.436,67.608,35.057,20.195,20200204
36,1996,3,NS-IBTS,Merlangius merlangus,NS_Whit,new,283.17,444.569,327.914,126.684,34.742,9.914,27.66,20200204
37,1997,1,NS-IBTS,Merlangius merlangus,NS_Whit,new,NA,316.517,261.005,159.76,81.956,23.474,12.624,20200204
38,1997,3,NS-IBTS,Merlangius merlangus,NS_Whit,new,1973.466,290.246,165.546,119.187,26.492,20.201,17.669,20200204
39,1998,1,NS-IBTS,Merlangius merlangus,NS_Whit,new,NA,510.686,162.14,117.503,48.403,22.043,14.745,20200204
40,1998,3,NS-IBTS,Merlangius merlangus,NS_Whit,new,2556.296,317.598,138.626,53.949,31.54,12.433,10.855,20200204
41,1999,1,NS-IBTS,Merlangius merlangus,NS_Whit,new,NA,610.792,263.78,146.103,67.206,27.446,20.838,20200204
42,1999,3,NS-IBTS,Merlangius merlangus,NS_Whit,new,2385.987,1148.558,177.466,52.127,22.622,10.179,12.673,20200204
43,2000,1,NS-IBTS,Merlangius merlangus,NS_Whit,new,NA,813.322,462.815,185.678,31.66,18.081,21.987,20200204
44,2000,3,NS-IBTS,Merlangius merlangus,NS_Whit,new,1868.102,895.3,304.847,58.204,17.185,8.364,12.219,20200204
45,2001,1,NS-IBTS,Merlangius merlangus,NS_Whit,new,NA,646.226,563.226,250.744,72.294,28.88,33.041,20200204
46,2001,3,NS-IBTS,Merlangius merlangus,NS_Whit,new,3426.458,644.656,267.714,84.468,21.989,8.073,15.156,20200204
47,2002,1,NS-IBTS,Merlangius merlangus,NS_Whit,new,NA,534.686,350.529,258.84,48.426,12.383,21.28,20200204
48,2002,3,NS-IBTS,Merlangius merlangus,NS_Whit,new,256.626,770.271,238.981,127.508,34.355,7.546,10.022,20200204
49,2003,1,NS-IBTS,Merlangius merlangus,NS_Whit,new,NA,136.992,272.926,246.828,126.379,44.368,31.029,20200204
50,2003,3,NS-IBTS,Merlangius merlangus,NS_Whit,new,348.124,250.233,273.456,119.292,67.581,18.896,18.083,20200204
51,2004,1,NS-IBTS,Merlangius merlangus,NS_Whit,new,NA,187.384,93.159,159.923,77.843,43.527,40.582,20200204
52,2004,3,NS-IBTS,Merlangius merlangus,NS_Whit,new,679.986,137.688,59.737,62.93,42.841,24.649,15.584,20200204
53,2005,1,NS-IBTS,Merlangius merlangus,NS_Whit,new,NA,128.389,75.292,51.124,42.536,28.724,39.96,20200204
54,2005,3,NS-IBTS,Merlangius merlangus,NS_Whit,new,163.941,145.111,81.047,31.399,42.864,31.524,32.583,20200204
55,2006,1,NS-IBTS,Merlangius merlangus,NS_Whit,new,NA,193.1,105.207,47.562,22.252,16.008,37.195,20200204
56,2006,3,NS-IBTS,Merlangius merlangus,NS_Whit,new,189.414,165.346,77.483,28.742,22.768,18.264,28.661,20200204
57,2007,1,NS-IBTS,Merlangius merlangus,NS_Whit,new,NA,63.782,148.484,64.05,21.689,11.214,35.667,20200204
58,2007,3,NS-IBTS,Merlangius merlangus,NS_Whit,new,777.3,85.339,61.086,33.573,15.481,8.157,23.05,20200204
59,2008,1,NS-IBTS,Merlangius merlangus,NS_Whit,new,NA,257.069,199.312,55.628,18.325,9.49,26.26,20200204
60,2008,3,NS-IBTS,Merlangius merlangus,NS_Whit,new,728.104,342.49,61.531,29.365,13.144,6.623,24.532,20200204
61,2009,1,NS-IBTS,Merlangius merlangus,NS_Whit,new,NA,211.523,287.265,68.116,17.308,16.22,21.931,20200204
62,2009,3,NS-IBTS,Merlangius merlangus,NS_Whit,new,555.308,541.377,336.12,50.447,13.119,8.884,18.665,20200204
63,2010,1,NS-IBTS,Merlangius merlangus,NS_Whit,new,NA,337.903,196.099,172.145,51.521,73.498,64.396,20200204
64,2010,3,NS-IBTS,Merlangius merlangus,NS_Whit,new,472.477,215.952,133.648,43.266,12.517,12.262,13.959,20200204
65,2011,1,NS-IBTS,Merlangius merlangus,NS_Whit,new,NA,175.099,352.081,135.022,70.773,18.832,34.054,20200204
66,2011,3,NS-IBTS,Merlangius merlangus,NS_Whit,new,231.116,403.115,135.994,59.304,19.141,8.184,9.206,20200204
67,2012,1,NS-IBTS,Merlangius merlangus,NS_Whit,new,NA,220.356,561.976,100.082,39.604,29.343,22.095,20200204
68,2012,3,NS-IBTS,Merlangius merlangus,NS_Whit,new,282.827,249.364,209.72,63.03,21.533,14.592,13.296,20200204
69,2013,1,NS-IBTS,Merlangius merlangus,NS_Whit,new,0,52.461,162.916,244.704,66.959,34.642,49.232,20200403
70,2013,3,NS-IBTS,Merlangius merlangus,NS_Whit,new,308.275,62.708,57.457,62.392,19.76,7.172,7.809,20200204
71,2014,1,NS-IBTS,Merlangius merlangus,NS_Whit,new,NA,258.456,187.295,97.786,60.693,33.747,29.342,20200204
72,2014,3,NS-IBTS,Merlangius merlangus,NS_Whit,new,1938.513,207.274,90.834,58.02,32.922,9.747,10.913,20200204
73,2015,1,NS-IBTS,Merlangius merlangus,NS_Whit,new,NA,324.07,203.228,51.031,24.444,22.512,13.116,20200204
74,2015,3,NS-IBTS,Merlangius merlangus,NS_Whit,new,1930.737,292.595,209.34,53.875,26.479,17.564,23.618,20200204
75,2016,1,NS-IBTS,Merlangius merlangus,NS_Whit,new,NA,351.009,293.298,84.932,24.133,13.961,15.302,20200204
76,2016,3,NS-IBTS,Merlangius merlangus,NS_Whit,new,900.484,275.191,222.621,66.314,20.038,8.93,12.131,20200204
77,2017,1,NS-IBTS,Merlangius merlangus,NS_Whit,new,NA,565.134,233.274,101.16,30.487,11.148,16.831,20200204
78,2017,3,NS-IBTS,Merlangius merlangus,NS_Whit,new,170.993,876.421,192.615,82.52,25.955,11.402,13.444,20200204
79,2018,1,NS-IBTS,Merlangius merlangus,NS_Whit,new,0,121.503,230.419,73.648,32.783,12.055,7.149,20200403
80,2018,3,NS-IBTS,Merlangius merlangus,NS_Whit,new,168.735,236.334,284.233,80.741,31.675,20.992,16.962,20200204
81,2019,1,NS-IBTS,Merlangius merlangus,NS_Whit,new,0,217.498,174.885,116.931,44.199,12.92,7.245,20200403
82,2019,3,NS-IBTS,Merlangius merlangus,NS_Whit,new,1364.904,428.468,146.117,83.131,21.963,14.97,6.767,20200403
83,2020,1,NS-IBTS,Merlangius merlangus,NS_Whit,new,0,519.042,202.281,78.477,52.576,16.361,10.107,20200403
84,2020,3,NS-IBTS,Merlangius merlangus,NS_Whit,new,1222.43,1448.673,208.607,59.404,42.413,34.58,19.075,20210407
85,2021,1,NS-IBTS,Merlangius merlangus,NS_Whit,new,0,599.369,700.947,113.867,40.457,15.386,20.112,20210409
86,2021,3,NS-IBTS,Merlangius merlangus,NS_Whit,new,602.05,1144.235,403.671,63.339,20.397,10.166,13.709,20220413
87,2022,1,NS-IBTS,Merlangius merlangus,NS_Whit,new,0,280.872,688.767,268.34,46.208,10.335,10.471,20220413
